"DESCRIPTION","DURATION IN MS","NAME","PARENT SUITE","START TIME","STATUS","STOP TIME","SUB SUITE","SUITE","TEST CLASS","TEST METHOD"
"","1","uses a fast-forward update when target has no unique commits","Unit | Scripts | GitHub | Promote To Production","2026-03-14","passed","2026-03-14","","derivePromotionPlan","",""
"","3","normalizes content types and preserves existing buffers","Unit | Providers | Shared | Fetch Image Asset","2026-03-14","passed","2026-03-14","","","",""
"","19","parses numeric overrides for worker and scraper controls","Unit | Config | Index","2026-03-14","passed","2026-03-14","","","",""
"","0","maps generic providers to the shared neutral folder with production env vars","Unit | Scripts | Postman | Provider Validation Scope","2026-03-14","passed","2026-03-14","","getSelectedProviderPlans","",""
"","1","adds the Allure reporter when a results directory is configured","Unit | Postman Harness Reporting","2026-03-14","passed","2026-03-14","","","",""
"","6","returns a no-op provider for in-memory rate limiting","Unit | Infrastructure | Rate Limit Store","2026-03-14","passed","2026-03-14","","","",""
"","1","returns undefined when no upstream details are available","Unit | Utils | Get Upstream Error Summary","2026-03-14","passed","2026-03-14","","","",""
"","1","derives stable JSON and JUnit report paths from the run label","Unit | Postman Harness Reporting","2026-03-14","passed","2026-03-14","","","",""
"","1","extracts tokens from X-API-Key first","Unit | Middleware | Access Control","2026-03-14","passed","2026-03-14","","","",""
"","30","rejects unsupported scope values","Unit | Scripts | Postman | Provider Validation Scope","2026-03-14","passed","2026-03-14","","normalizeProviderScope","",""
"","29","rejects unsupported flags","Unit | Scripts | GitHub | Promote To Production","2026-03-14","passed","2026-03-14","","parseArgs","",""
"","1","isImage(https://example.com/photo.png) === true","Unit | Services | Scraper Service","2026-03-14","passed","2026-03-14","","ScraperService.isImage","",""
"","1","expands all using only configured provider plans","Unit | Scripts | Postman | Provider Validation Scope","2026-03-14","passed","2026-03-14","","getSelectedProviderPlans","",""
"","115","uses process-stream logging in production without touching the filesystem","Unit | Infrastructure | Logger","2026-03-14","passed","2026-03-14","","","",""
"","86","Bare /api redirects to /api/v1/","alt-text-generator API Contract Harness","2026-03-14","passed","2026-03-14","","05 Routing & Redirects","",""
"","2","returns a completed result when an async provider finishes within the wait window","Unit | Services | Description Job Service","2026-03-14","passed","2026-03-14","","","",""
"","1","prefers explicitly provided required checks","Unit | Scripts | GitHub | Promote To Production","2026-03-14","passed","2026-03-14","","resolveRequiredChecks","",""
"","13","builds the provider env schema and detects configured providers","Unit | Config | Provider Catalog","2026-03-14","passed","2026-03-14","","","",""
"","1","does not restart workers that exit intentionally","Unit | Server | Cluster Manager","2026-03-14","passed","2026-03-14","","","",""
"","1","isImage(https://example.com/noextension) === false","Unit | Services | Scraper Service","2026-03-14","passed","2026-03-14","","ScraperService.isImage","",""
"","112","creates an installation token from the configured GitHub App secret","Unit | Scripts | GitHub | Create GitHub App Installation Token","2026-03-14","passed","2026-03-14","","createGitHubAppInstallationToken","",""
"","0","extracts text from chat-completion content parts","Unit | Providers | Shared | Extract Caption Text","2026-03-14","passed","2026-03-14","","","",""
"","1","reports when Newman exits before writing a JSON report","Unit | Scripts | Postman | Newman Runner","2026-03-14","passed","2026-03-14","","","",""
"","1","rejects workflow_dispatch runs without a resolvable source workflow run ID","Unit | Scripts | GitHub | Resolve Pages Source Run","2026-03-14","passed","2026-03-14","","","",""
"","2","normalizes the report URL and builds history file URLs","Unit | Allure History Fetcher","2026-03-14","passed","2026-03-14","","","",""
"","1","writes key-value outputs when a file is provided","Unit | Scripts | GitHub | Create GitHub App Installation Token","2026-03-14","passed","2026-03-14","","appendOutput","",""
"","4","publishes reusable auth schemes and protects non-health endpoints","Unit | Config | Swagger","2026-03-14","passed","2026-03-14","","","",""
"","7","builds the default services when overrides are not supplied","Unit | Application Composition","2026-03-14","passed","2026-03-14","","","",""
"","3","a.png is a non-trivial PNG fixture","provider validation fixtures","2026-03-14","passed","2026-03-14","","","",""
"","2","forwards a validation error for an invalid image_source URL","Unit | Controllers | Description Controller","2026-03-14","passed","2026-03-14","","DescriptionController.describe","",""
"","85","rejects Redis-backed description jobs without a Redis URL","Unit | Utils | Validate Env Vars","2026-03-14","passed","2026-03-14","","","",""
"","1","maps the all scope to the configured live provider folders","Unit | Scripts | Postman | Provider Validation Scope","2026-03-14","passed","2026-03-14","","getSelectedProviderFolders","",""
"","1","b.png is a non-trivial PNG fixture","provider validation fixtures","2026-03-14","passed","2026-03-14","","","",""
"","2","paginates compare responses and decodes snapshot warnings","Unit | Scripts | GitHub | Review Dependencies","2026-03-14","passed","2026-03-14","","listDependencyChanges","",""
"","1","falls back to the default trust proxy setting when config omits proxy","Unit | Application Composition","2026-03-14","passed","2026-03-14","","","",""
"","1","rejects unsupported values","Unit | Scripts | Run Postman Deploy","2026-03-14","passed","2026-03-14","","normalizeBooleanFlag","",""
"","1","logs and exits when runtime bootstrap fails","Unit | Server | Runtime Bootstrap","2026-03-14","passed","2026-03-14","","","",""
"","1","uses only the production Swagger server in production","Unit | Config | Swagger","2026-03-14","passed","2026-03-14","","","",""
"","62","rejects Azure credentials without an endpoint","Unit | Utils | Validate Env Vars","2026-03-14","passed","2026-03-14","","","",""
"","1","filters unsupported sources before they reach Azure","Unit | Services | Azure Describer Service","2026-03-14","passed","2026-03-14","","","",""
"","60","rejects API auth enablement without any configured tokens","Unit | Utils | Validate Env Vars","2026-03-14","passed","2026-03-14","","","",""
"","115","creates a signed JWT with the expected issuer and validity window","Unit | Scripts | GitHub | Create GitHub App Installation Token","2026-03-14","passed","2026-03-14","","buildAppJwt","",""
"","1","allows protected requests through when auth is explicitly disabled","Unit | Middleware | Access Control","2026-03-14","passed","2026-03-14","","","",""
"","2","restarts pending page jobs on status lookup and returns terminal failures as stored jobs","Unit | Services | Page Description Job Service","2026-03-14","passed","2026-03-14","","","",""
"","1","returns scraped images on success","Unit | Controllers | Scraper Controller","2026-03-14","passed","2026-03-14","","","",""
"","234","Swagger UI","alt-text-generator API Contract Harness","2026-03-14","passed","2026-03-14","","00 Core Smoke","",""
"","2","returns 200 when a page-description job has completed","Unit | Controllers | Description Controller","2026-03-14","passed","2026-03-14","","DescriptionController.getPageDescriptionJob","",""
"","2","surfaces GitHub API failures","Unit | Scripts | GitHub | Review Dependencies","2026-03-14","passed","2026-03-14","","fetchGitHubJson","",""
"","2","respects an explicit manual scope override","Unit | Scripts | GitHub | Resolve Provider Validation Scope","2026-03-14","passed","2026-03-14","","resolveScopeFromEnv","",""
"","87","Ping","alt-text-generator API Contract Harness","2026-03-14","passed","2026-03-14","","00 Core Smoke","",""
"","8","returns no-op when both branches already share the same tip SHA","Unit | Scripts | GitHub | Promote To Production","2026-03-14","passed","2026-03-14","","derivePromotionPlan","",""
"","34","Unversioned page descriptions alias","alt-text-generator API Contract Harness","2026-03-14","passed","2026-03-14","","07 Route Aliases","",""
"","1","uses postman:live-provider as the canonical npm command","Unit | Scripts | Run Postman Live","2026-03-14","passed","2026-03-14","","package and workflow wiring","",""
"","9","warns and continues when a history file is invalid","Unit | Allure History Fetcher","2026-03-14","passed","2026-03-14","","","",""
"","3","reads the GitHub event payload from disk","Unit | Scripts | GitHub | Resolve Pages Source Run","2026-03-14","passed","2026-03-14","","","",""
"","2","allows Redis to be disabled explicitly even when REDIS_URL is present","Unit | Config | Rate Limit Store","2026-03-14","passed","2026-03-14","","","",""
"","1","starts single-process runtime when worker count is one","Unit | Server | Runtime Bootstrap","2026-03-14","passed","2026-03-14","","","",""
"","1","allows canonical manual deploy verification runs to persist when requested","Unit | Allure History Policy","2026-03-14","passed","2026-03-14","","","",""
"","1","returns null when no caption-like text is present","Unit | Providers | Shared | Extract Caption Text","2026-03-14","passed","2026-03-14","","","",""
"","2","writes a clean summary when no dependency changes are returned","Unit | Scripts | GitHub | Review Dependencies","2026-03-14","passed","2026-03-14","","reviewDependencies","",""
"","1","returns false for a relative path","Unit | URL Validator","2026-03-14","passed","2026-03-14","","","",""
"","1","does nothing when no summary file is configured","Unit | Scripts | GitHub | Review Dependencies","2026-03-14","passed","2026-03-14","","appendStepSummary","",""
"","34","rejects missing required arguments","Unit | Scripts | GitHub | Sync Pages State Branch","2026-03-14","passed","2026-03-14","","","",""
"","2","calls the API with correct url, data, and headers","Unit | Services | Azure Describer Service","2026-03-14","passed","2026-03-14","","","",""
"","19","rejects unsupported CLI arguments","Unit | Scripts | GitHub | Write Newman Summary","2026-03-14","passed","2026-03-14","","","",""
"","1","normalizes case and whitespace","Unit | Scripts | Postman | Provider Validation Scope","2026-03-14","passed","2026-03-14","","normalizeProviderScope","",""
"","1","recognizes same-repository pull requests","Unit | Allure History Policy","2026-03-14","passed","2026-03-14","","","",""
"","30","rejects unsupported flags","Unit | Scripts | Run Postman Deploy","2026-03-14","passed","2026-03-14","","parseArgs","",""
"","1","persists deploy-production history on production pushes","Unit | Allure History Policy","2026-03-14","passed","2026-03-14","","","",""
"","81","requires production TLS credentials when TLS_* is missing","Unit | Utils | Validate Env Vars","2026-03-14","passed","2026-03-14","","","",""
"","1","builds GitHub-flavored executor metadata when workflow env is present","Unit | Allure Metadata Writer","2026-03-14","passed","2026-03-14","","","",""
"","55","rejects Redis-backed rate limiting without a Redis URL","Unit | Utils | Validate Env Vars","2026-03-14","passed","2026-03-14","","","",""
"","9","copies the generated history directory and manifest into the artifact output","Unit | Allure History Artifact Packaging","2026-03-14","passed","2026-03-14","","","",""
"","2","rejects malformed forwarded host headers instead of constructing a redirect target","Unit | Middleware | Request Filter","2026-03-14","passed","2026-03-14","","","",""
"","1","forwards an internal error when the scraper service fails","Unit | Controllers | Scraper Controller","2026-03-14","passed","2026-03-14","","","",""
"","4","stores Redis jobs with ttl, deletes expired payloads, and closes open clients","Unit | Infrastructure | Description Job Store","2026-03-14","passed","2026-03-14","","","",""
"","39","fails the page job when a dependent description job fails or disappears","Unit | Services | Page Description Job Service","2026-03-14","passed","2026-03-14","","","",""
"","1","falls back to zero counts and rewrites the report when parsing fails","Unit | Scripts | GitHub | Parse Security Audit Report","2026-03-14","passed","2026-03-14","","parseSecurityAuditReport","",""
"","14","serves public provider-validation fixtures before the API router","Unit | Utils | Create Router","2026-03-14","passed","2026-03-14","","","",""
"","2","skips restoration when the GitHub token or repository context is missing","Unit | Allure History Artifact Restore","2026-03-14","passed","2026-03-14","","","",""
"","4","returns partial page descriptions when image-specific Azure failures are skippable","Integration | API","2026-03-14","passed","2026-03-14","","GET /api/accessibility/descriptions","",""
"","44","uses inline PEM values when they are provided","Unit | Infrastructure | Load TLS Credentials","2026-03-14","passed","2026-03-14","","","",""
"","4","allows protected endpoints through when auth is explicitly disabled","Integration | API","2026-03-14","passed","2026-03-14","","API access control","",""
"","12","prefers existing request ids before generating a new one","Unit | Infrastructure | Logger","2026-03-14","passed","2026-03-14","","","",""
"","4","returns 202 with page-job metadata for pending async clip page descriptions","Integration | API","2026-03-14","passed","2026-03-14","","GET /api/accessibility/descriptions","",""
"","2","fails when an image fixture returns the wrong content type","Unit | Scripts | Postman | Provider Validation Fixture Probe","2026-03-14","passed","2026-03-14","","","",""
"","2","defaults to auto mode with in-memory storage when no Redis URL is configured","Unit | Config | Description Job Store","2026-03-14","passed","2026-03-14","","","",""
"","1","resolves the main CI history stream for pushes to main","Unit | Allure History Policy","2026-03-14","passed","2026-03-14","","","",""
"","5","returns 202 with job metadata for pending async clip descriptions","Integration | API","2026-03-14","passed","2026-03-14","","GET /api/accessibility/description","",""
"","1","returns false for undefined","Unit | URL Validator","2026-03-14","passed","2026-03-14","","","",""
"","1","runs protected deploy verification without a token when auth is disabled","Unit | Scripts | Run Postman Deploy","2026-03-14","passed","2026-03-14","","resolveProductionDeployAuthConfig","",""
"","5","defaults to auto mode with in-memory storage when no Redis URL is configured","Unit | Config | Rate Limit Store","2026-03-14","passed","2026-03-14","","","",""
"","2","exits the primary when the crash budget is exhausted","Unit | Server | Cluster Manager","2026-03-14","passed","2026-03-14","","","",""
"","1","builds local provider-validation fixture URLs","Unit | Scripts | Postman | Local Provider Mocks","2026-03-14","passed","2026-03-14","","","",""
"","1","returns image sources on success","Unit | Services | Scraper Service","2026-03-14","passed","2026-03-14","","ScraperService.getImages","",""
"","16","keeps API and status buckets separate while sharing each scope across instances","Integration | Redis Rate Limiting","2026-03-14","passed","2026-03-14","","","",""
"","1","strips trailing slashes from the base URL","Unit | Scripts | Run Postman Deploy","2026-03-14","passed","2026-03-14","","normalizeBaseUrl","",""
"","0","detects configuration and validates missing api keys for dependent overrides","Unit | Providers | Definitions | Build OpenAI Compatible Provider","2026-03-14","passed","2026-03-14","","","",""
"","1","can restrict detection to an allowed provider subset","Unit | Scripts | Postman | Provider Validation Scope","2026-03-14","passed","2026-03-14","","detectAvailableProviders","",""
"","1","returns 404 when the job does not exist","Unit | Controllers | Description Controller","2026-03-14","passed","2026-03-14","","DescriptionController.getDescriptionJob","",""
"","1","forwards a validation error for an invalid URL","Unit | Controllers | Scraper Controller","2026-03-14","passed","2026-03-14","","","",""
"","1","uses replicate when auto is the only configured provider","Unit | Scripts | Postman | Provider Validation Scope","2026-03-14","passed","2026-03-14","","resolveProviderScope","",""
"","2","starts servers and resolves when the listen callback fires","Unit | Server | Server Functions","2026-03-14","passed","2026-03-14","","","",""
"","4","normalizes non-error unhandled rejections into structured fatal logs","Unit | Server | Register Fatal Handlers","2026-03-14","passed","2026-03-14","","","",""
"","1","rejects protected requests without a valid token","Unit | Middleware | Access Control","2026-03-14","passed","2026-03-14","","","",""
"","0","extracts the first caption from array payloads","Unit | Providers | Shared | Extract Caption Text","2026-03-14","passed","2026-03-14","","","",""
"","1","rejects installation lookups that return no installation id","Unit | Scripts | GitHub | Create GitHub App Installation Token","2026-03-14","passed","2026-03-14","","resolveInstallationId","",""
"","2","returns a pending job response for async providers","Unit | Controllers | Description Controller","2026-03-14","passed","2026-03-14","","DescriptionController.describe","",""
"","11","redirects /api/ to the versioned route for secure requests","Integration | API","2026-03-14","passed","2026-03-14","","request filter","",""
"","1","rejects azure scope without azure credentials","Unit | Scripts | Postman | Provider Validation Scope","2026-03-14","passed","2026-03-14","","resolveProviderScope","",""
"","4","ignores missing stale reports before spawning Newman","Unit | Scripts | Postman | Newman Runner","2026-03-14","passed","2026-03-14","","","",""
"","1","prefers azure in auto mode when both providers are available","Unit | Scripts | Postman | Provider Validation Scope","2026-03-14","passed","2026-03-14","","resolveProviderScope","",""
"","1","detects exact status-code headers on request items","Unit | Scripts | Postman | Collection Utils","2026-03-14","passed","2026-03-14","","","",""
"","1","requires the standard rate-limit headers case-insensitively","Unit | Scripts | Run Postman Deploy","2026-03-14","passed","2026-03-14","","hasRequiredRateLimitHeaders","",""
"","2","closes all registered servers and closes idle connections first","Unit | Server | Server Functions","2026-03-14","passed","2026-03-14","","","",""
"","1","parses the required results directory argument","Unit | Allure Metadata Writer","2026-03-14","passed","2026-03-14","","","",""
"","3","connects Redis-backed providers, creates scoped stores, and closes the client","Unit | Infrastructure | Rate Limit Store","2026-03-14","passed","2026-03-14","","","",""
"","2","adds the Allure reporter when a results directory is configured","Unit | Scripts | Run Postman Deploy","2026-03-14","passed","2026-03-14","","buildDeployNewmanArgs","",""
"","7","stays available while the instance is draining","Integration | API","2026-03-14","passed","2026-03-14","","GET /api/ping","",""
"","59","creates outbound clients that use the configured CA bundle","Unit | Infrastructure | Outbound Trust","2026-03-14","passed","2026-03-14","","","",""
"","2","expires in-memory jobs on read and clears state on close","Unit | Infrastructure | Description Job Store","2026-03-14","passed","2026-03-14","","","",""
"","1","falls back to a fetched data url when the provider rejects the remote image url","Unit | Services | OpenAI Compatible Vision Describer Service","2026-03-14","passed","2026-03-14","","","",""
"","438","fetches and updates an existing remote state branch that is not present locally yet","Unit | Scripts | GitHub | Sync Pages State Branch","2026-03-14","passed","2026-03-14","","","",""
"","1","returns 202 while a job is still pending","Unit | Controllers | Description Controller","2026-03-14","passed","2026-03-14","","DescriptionController.getDescriptionJob","",""
"","0","resolves api-key multimodal providers when they are explicitly requested","Unit | Scripts | GitHub | Resolve Provider Validation Scope","2026-03-14","passed","2026-03-14","","resolveScopeFromEnv","",""
"","2","stores an immediately completed provider job as a completed job response","Unit | Services | Description Job Service","2026-03-14","passed","2026-03-14","","","",""
"","2","normalizes content types without charset noise","Unit | Scripts | Postman | Provider Validation Fixture Probe","2026-03-14","passed","2026-03-14","","","",""
"","1","requires the GitHub token","Unit | Scripts | GitHub | Review Dependencies","2026-03-14","passed","2026-03-14","","reviewDependencies","",""
"","3","rejects localhost, private hosts, and non-http protocols","Unit | Scripts | Run Postman Live","2026-03-14","passed","2026-03-14","","assertPublicHttpUrl","",""
"","11","rejects invalid write-pages-metadata CLI arguments","Unit | Scripts | GitHub | Page Metadata","2026-03-14","passed","2026-03-14","","","",""
"","29","rejects missing required CLI arguments","Unit | Scripts | GitHub | Compose Pages Site","2026-03-14","passed","2026-03-14","","","",""
"","1","keeps non-main/non-production CI runs ephemeral","Unit | Allure History Policy","2026-03-14","passed","2026-03-14","","","",""
"","22","still fails page descriptions on non-skippable provider errors","Unit | Services | Page Description Service","2026-03-14","passed","2026-03-14","","","",""
"","2","builds raw GitHub urls for the default repository and ref","Unit | Scripts | Postman | Provider Validation Public Fixtures","2026-03-14","passed","2026-03-14","","","",""
"","5","preserves duplicate image entries while deduping provider work","Unit | Services | Page Description Service","2026-03-14","passed","2026-03-14","","","",""
"","1","uses the configured scope when the manual input is auto","Unit | Scripts | Postman | Provider Validation Scope","2026-03-14","passed","2026-03-14","","resolveProviderScope","",""
"","1","recognizes localhost and RFC1918 addresses","Unit | Scripts | Run Postman Live","2026-03-14","passed","2026-03-14","","isPrivateHostname","",""
"","12","rejects unsupported and incomplete arguments","Unit | Scripts | GitHub | Review Dependencies","2026-03-14","passed","2026-03-14","","parseArgs","",""
"","9","falls back to the default loggers and replicate client","Unit | Application Composition","2026-03-14","passed","2026-03-14","","","",""
"","9","returns cached completed page jobs without launching new work","Unit | Services | Page Description Job Service","2026-03-14","passed","2026-03-14","","","",""
"","1","creates a scoped installation token for the repository","Unit | Scripts | GitHub | Create GitHub App Installation Token","2026-03-14","passed","2026-03-14","","createInstallationAccessToken","",""
"","2","resolves per-PR history for same-repository pull requests","Unit | Allure History Policy","2026-03-14","passed","2026-03-14","","","",""
"","1","initializes a memory store unless Redis is explicitly selected","Unit | Infrastructure | Description Job Store","2026-03-14","passed","2026-03-14","","","",""
"","1","returns empty array when no models registered","Unit | Services | Image Describer Factory","2026-03-14","passed","2026-03-14","","","",""
"","47","forwards a validation error when image_source is missing","Unit | Controllers | Description Controller","2026-03-14","passed","2026-03-14","","DescriptionController.describe","",""
"","73","accepts TLS_* credentials in production","Unit | Utils | Validate Env Vars","2026-03-14","passed","2026-03-14","","","",""
"","111","accepts an Azure-only provider configuration","Unit | Utils | Validate Env Vars","2026-03-14","passed","2026-03-14","","","",""
"","8","surfaces stale-report cleanup failures that are not missing-file errors","Unit | Scripts | Postman | Newman Runner","2026-03-14","passed","2026-03-14","","","",""
"","8","downloads the image and submits it to the Ollama chat api","Unit | Services | Ollama Describer Service","2026-03-14","passed","2026-03-14","","","",""
"","2","shuts servers down gracefully on SIGTERM and exits with code 0","Unit | Server | Server Functions","2026-03-14","passed","2026-03-14","","","",""
"","1","posts GitHub workflow dispatch requests","Unit | Scripts | GitHub | Dispatch Pages Publish","2026-03-14","passed","2026-03-14","","","",""
"","2","rejects invalid read-pages-metadata CLI arguments","Unit | Scripts | GitHub | Page Metadata","2026-03-14","passed","2026-03-14","","","",""
"","100","accepts an Ollama-only provider configuration","Unit | Utils | Validate Env Vars","2026-03-14","passed","2026-03-14","","","",""
"","17","defaults unit-local Redis to localhost when the topology flag is enabled","Unit | Config | Index","2026-03-14","passed","2026-03-14","","","",""
"","30","Health","alt-text-generator API Contract Harness","2026-03-14","passed","2026-03-14","","00 Core Smoke","",""
"","17","fails fast when Redis mode is selected without a Redis URL","Unit | Infrastructure | Rate Limit Store","2026-03-14","passed","2026-03-14","","","",""
"","2","writes page metadata fields to GitHub outputs","Unit | Scripts | GitHub | Page Metadata","2026-03-14","passed","2026-03-14","","","",""
"","2","rejects repositories that do not include an owner and repo name","Unit | Scripts | GitHub | Review Dependencies","2026-03-14","passed","2026-03-14","","buildApiUrl","",""
"","3","enforces specific status expectations across the committed Postman collection","Unit | Scripts | Postman | Collection Utils","2026-03-14","passed","2026-03-14","","","",""
"","1","parses CLI arguments with defaults","Unit | Allure History Fetcher","2026-03-14","passed","2026-03-14","","","",""
"","18","builds an aggregate summary from Newman JSON reports","Unit | Scripts | GitHub | Write Newman Summary","2026-03-14","passed","2026-03-14","","","",""
"","0","surfaces GitHub workflow lookup failures","Unit | Scripts | GitHub | Resolve Pages Source Run","2026-03-14","passed","2026-03-14","","","",""
"","1","isImage(https://example.com/photo.bmp) === true","Unit | Services | Scraper Service","2026-03-14","passed","2026-03-14","","ScraperService.isImage","",""
"","4","uses a fetched data url immediately for localhost images","Unit | Services | OpenAI Compatible Vision Describer Service","2026-03-14","passed","2026-03-14","","","",""
"","1","returns null for unknown job ids and skips provider refresh for failed jobs","Unit | Services | Description Job Service","2026-03-14","passed","2026-03-14","","","",""
"","3","keeps provider-validation response-time budgets configurable from the environment","Unit | Scripts | Postman | Collection Utils","2026-03-14","passed","2026-03-14","","","",""
"","1","falls back to the store get method when no claim helper exists and returns null for missing jobs","Unit | Services | Page Description Job Service","2026-03-14","passed","2026-03-14","","","",""
"","1","isImage(https://example.com/photo.jpg?v=123) === true","Unit | Services | Scraper Service","2026-03-14","passed","2026-03-14","","ScraperService.isImage","",""
"","1","realigns when both branches diverge but production must track main exactly","Unit | Scripts | GitHub | Promote To Production","2026-03-14","passed","2026-03-14","","derivePromotionPlan","",""
"","11","returns description and imageUrl on success","Unit | Services | Replicate Describer Service","2026-03-14","passed","2026-03-14","","","",""
"","2","prefers data-src over src for lazy-loaded images","Unit | Services | Scraper Service","2026-03-14","passed","2026-03-14","","ScraperService.extractImageSources","",""
"","3","builds report URLs for published Pages subpaths","Unit | Allure History Policy","2026-03-14","passed","2026-03-14","","","",""
"","2","marks image-source download failures as skippable","Unit | Services | Ollama Describer Service","2026-03-14","passed","2026-03-14","","","",""
"","29","Protected scraper accepts Bearer token","alt-text-generator API Contract Harness","2026-03-14","passed","2026-03-14","","08 API Auth Contract","",""
"","2","passes secure requests through so endpoint validation can handle query semantics","Unit | Middleware | Request Filter","2026-03-14","passed","2026-03-14","","","",""
"","3","keeps the deploy JSON and JUnit reporters by default","Unit | Scripts | Run Postman Deploy","2026-03-14","passed","2026-03-14","","buildDeployNewmanArgs","",""
"","1","returns vulnerability counts from a valid npm audit report","Unit | Scripts | GitHub | Parse Security Audit Report","2026-03-14","passed","2026-03-14","","parseSecurityAuditReport","",""
"","2","builds a fallback summary when no Newman reports are present","Unit | Scripts | GitHub | Write Newman Summary","2026-03-14","passed","2026-03-14","","","",""
"","17","sends a chat completion request with the remote image url","Unit | Services | OpenAI Compatible Vision Describer Service","2026-03-14","passed","2026-03-14","","","",""
"","2","falls back to request names when collection ids are unavailable","Unit | Scripts | GitHub | Write Newman Summary","2026-03-14","passed","2026-03-14","","","",""
"","4","restores the published history files into the results directory","Unit | Allure History Fetcher","2026-03-14","passed","2026-03-14","","","",""
"","0","resolves relative bundle paths from the current working directory","Unit | Infrastructure | Outbound Trust","2026-03-14","passed","2026-03-14","","","",""
"","1","refreshes pending jobs when status is requested","Unit | Services | Description Job Service","2026-03-14","passed","2026-03-14","","","",""
"","5","returns 400 for an unknown model","Integration | API","2026-03-14","passed","2026-03-14","","GET /api/accessibility/description","",""
"","0","creates a runtime describer and prefers an injected provider client","Unit | Providers | Definitions | Build OpenAI Compatible Provider","2026-03-14","passed","2026-03-14","","","",""
"","2","keeps the post-deploy provider subset on low-cost providers only","Unit | Scripts | Run Postman Deploy","2026-03-14","passed","2026-03-14","","resolvePostDeployProviderPlans","",""
"","17","allows auth tokens to stay configured while auth is explicitly disabled","Unit | Config | Index","2026-03-14","passed","2026-03-14","","","",""
"","1","uses the canonical production base URL by default","Unit | Scripts | Run Postman Live","2026-03-14","passed","2026-03-14","","parseArgs","",""
"","0","accepts public https urls","Unit | Scripts | Run Postman Live","2026-03-14","passed","2026-03-14","","assertPublicHttpUrl","",""
"","69","accepts multi-worker startup when the future unit-local Redis flag is enabled","Unit | Utils | Validate Env Vars","2026-03-14","passed","2026-03-14","","","",""
"","1","resolves relative image paths to absolute URLs","Unit | Services | Scraper Service","2026-03-14","passed","2026-03-14","","ScraperService.extractImageSources","",""
"","1","serializes GitHub Actions outputs with trailing newlines","Unit | Allure History Policy","2026-03-14","passed","2026-03-14","","","",""
"","2","builds the dependency compare endpoint with paging","Unit | Scripts | GitHub | Review Dependencies","2026-03-14","passed","2026-03-14","","buildApiUrl","",""
"","1","parses equals syntax and normalizes custom API base URLs","Unit | Scripts | GitHub | Dispatch Pages Publish","2026-03-14","passed","2026-03-14","","","",""
"","12","maps nested request ids and names back to their top-level folder","Unit | Scripts | Postman | Collection Utils","2026-03-14","passed","2026-03-14","","","",""
"","2","includes derived provider validation vars and requested folders","Unit | Scripts | Run Postman Live","2026-03-14","passed","2026-03-14","","buildLiveProviderNewmanArgs","",""
"","20","uses the documented defaults when optional env vars are unset","Unit | Config | Index","2026-03-14","passed","2026-03-14","","","",""
"","6","returns 400 when image_source is missing","Integration | API","2026-03-14","passed","2026-03-14","","GET /api/accessibility/description","",""
"","5","returns 503 while the instance is draining","Integration | API","2026-03-14","passed","2026-03-14","","GET /api/health","",""
"","2","pins release validation workflows to Hugging Face, OpenAI, and Together","Unit | Scripts | Run Postman Deploy","2026-03-14","passed","2026-03-14","","package and workflow wiring","",""
"","69","accepts a non-negative TRUST_PROXY_HOPS override","Unit | Utils | Validate Env Vars","2026-03-14","passed","2026-03-14","","","",""
"","0","serializes Java properties safely","Unit | Allure Metadata Writer","2026-03-14","passed","2026-03-14","","","",""
"","1","rejects unsupported image content types before calling Azure","Unit | Services | Azure Describer Service","2026-03-14","passed","2026-03-14","","","",""
"","0","keeps provider-specific request env vars in provider-integration mode","Unit | Scripts | Postman | Provider Validation Scope","2026-03-14","passed","2026-03-14","","getSelectedProviderPlans","",""
"","1","prefers GitHub repository context when it is available","Unit | Scripts | Postman | Provider Validation Public Fixtures","2026-03-14","passed","2026-03-14","","","",""
"","45","uses base64-encoded PEM values when they are provided","Unit | Infrastructure | Load TLS Credentials","2026-03-14","passed","2026-03-14","","","",""
"","7","throws when a configured provider is missing a runtime builder","Unit | Providers | Runtime Registry","2026-03-14","passed","2026-03-14","","","",""
"","1","returns false for a plain string","Unit | URL Validator","2026-03-14","passed","2026-03-14","","","",""
"","2","lists request items across nested folders","Unit | Scripts | Postman | Collection Utils","2026-03-14","passed","2026-03-14","","","",""
"","0","returns no GitHub Pages URL for non-public GitHub hosts","Unit | Allure History Policy","2026-03-14","passed","2026-03-14","","","",""
"","1","treats either a header or an exact assertion as a specific status expectation","Unit | Scripts | Postman | Collection Utils","2026-03-14","passed","2026-03-14","","","",""
"","11","propagates errors from the HTTP client","Unit | Services | Azure Describer Service","2026-03-14","passed","2026-03-14","","","",""
"","3","builds environment properties from the current runtime and CI env","Unit | Allure Metadata Writer","2026-03-14","passed","2026-03-14","","","",""
"","1","throws immediate provider job failures without persisting a pending job","Unit | Services | Description Job Service","2026-03-14","passed","2026-03-14","","","",""
"","2","returns false for provider-endpoint failures","Unit | Providers | Shared | Is Skippable Image Source Error","2026-03-14","passed","2026-03-14","","","",""
"","1","rejects protected requests with an invalid configured header token","Unit | Middleware | Access Control","2026-03-14","passed","2026-03-14","","","",""
"","34","Root Service Index","alt-text-generator API Contract Harness","2026-03-14","passed","2026-03-14","","00 Core Smoke","",""
"","62","rejects an Azure endpoint without credentials","Unit | Utils | Validate Env Vars","2026-03-14","passed","2026-03-14","","","",""
"","4","supports equals syntax and rejects malformed arguments","Unit | Scripts | GitHub | Sync Pages State Branch","2026-03-14","passed","2026-03-14","","","",""
"","1","surfaces GitHub API failures","Unit | Scripts | GitHub | Create GitHub App Installation Token","2026-03-14","passed","2026-03-14","","fetchGitHubJson","",""
"","2","serializes ApiError instances with request metadata","Unit | Middleware | Error Handler","2026-03-14","passed","2026-03-14","","","",""
"","200","accepts a Replicate-only provider configuration","Unit | Utils | Validate Env Vars","2026-03-14","passed","2026-03-14","","","",""
"","7","returns 500 on scraper failure","Integration | API","2026-03-14","passed","2026-03-14","","GET /api/scraper/images","",""
"","38","rejects invalid timeout values","Unit | Allure History Fetcher","2026-03-14","passed","2026-03-14","","","",""
"","5","formats actionable diagnostics from a Newman JSON report","Unit | Scripts | Postman | Newman Runner","2026-03-14","passed","2026-03-14","","","",""
"","2","shuts down the primary on SIGTERM without scheduling restarts","Unit | Server | Cluster Manager","2026-03-14","passed","2026-03-14","","","",""
"","4","builds provider config sections with documented defaults and explicit overrides","Unit | Config | Provider Catalog","2026-03-14","passed","2026-03-14","","","",""
"","2","normalizes safe publish paths and rejects traversal","Unit | Scripts | GitHub | Compose Pages Site","2026-03-14","passed","2026-03-14","","","",""
"","1","returns a pending job when the provider does not finish within the wait window","Unit | Services | Description Job Service","2026-03-14","passed","2026-03-14","","","",""
"","35","throws a helpful error when a configured certificate path is invalid","Unit | Infrastructure | Load TLS Credentials","2026-03-14","passed","2026-03-14","","","",""
"","24","Missing image returns 500","alt-text-generator API Contract Harness","2026-03-14","passed","2026-03-14","","20 Single Description (Azure Stub)","",""
"","1","does not persist branch CI history on production pushes","Unit | Allure History Policy","2026-03-14","passed","2026-03-14","","","",""
"","2","waits for async-capable provider jobs when describing a page in async mode","Unit | Services | Page Description Service","2026-03-14","passed","2026-03-14","","","",""
"","4","requires consecutive stable probes before continuing","Unit | Scripts | Run Postman Deploy","2026-03-14","passed","2026-03-14","","waitForStableDeploy","",""
"","3","returns joined captions as description","Unit | Services | Azure Describer Service","2026-03-14","passed","2026-03-14","","","",""
"","3","writes and reads page metadata","Unit | Scripts | GitHub | Page Metadata","2026-03-14","passed","2026-03-14","","","",""
"","0","writes key/value pairs to the provided file","Unit | Scripts | GitHub | Resolve Provider Validation Scope","2026-03-14","passed","2026-03-14","","appendGitHubEnv","",""
"","2","routes fatal exceptions through the active shutdown handler","Unit | Server | Register Fatal Handlers","2026-03-14","passed","2026-03-14","","","",""
"","65","accepts an OpenAI-only provider configuration","Unit | Utils | Validate Env Vars","2026-03-14","passed","2026-03-14","","","",""
"","3","validates provider-specific env rules and exposes provider-validation metadata","Unit | Config | Provider Catalog","2026-03-14","passed","2026-03-14","","","",""
"","1","returns ordered descriptions on success","Unit | Controllers | Description Controller","2026-03-14","passed","2026-03-14","","DescriptionController.describePage","",""
"","2","selects the newest eligible artifact and excludes the current run","Unit | Allure History Artifact Restore","2026-03-14","passed","2026-03-14","","","",""
"","41","loads the swagger spec lazily and caches the UI middleware","Unit | Utils | Create Router","2026-03-14","passed","2026-03-14","","","",""
"","1","prefers RATE_LIMIT_REDIS_URL and normalizes the prefix","Unit | Config | Rate Limit Store","2026-03-14","passed","2026-03-14","","","",""
"","2","parses the required CLI arguments","Unit | Allure History Artifact Packaging","2026-03-14","passed","2026-03-14","","","",""
"","1","returns 202 while a page-description job is still pending","Unit | Controllers | Description Controller","2026-03-14","passed","2026-03-14","","DescriptionController.getPageDescriptionJob","",""
"","42","loads configured certificate files when paths are provided","Unit | Infrastructure | Load TLS Credentials","2026-03-14","passed","2026-03-14","","","",""
"","1","uses the configured environment scope when the manual input is auto","Unit | Scripts | GitHub | Resolve Provider Validation Scope","2026-03-14","passed","2026-03-14","","resolveScopeFromEnv","",""
"","0","expands all to the configured providers only","Unit | Scripts | Postman | Provider Validation Scope","2026-03-14","passed","2026-03-14","","resolveProviderScope","",""
"","1","defaults empty values to false","Unit | Scripts | Run Postman Deploy","2026-03-14","passed","2026-03-14","","normalizeBooleanFlag","",""
"","1","returns an empty payload when no event path is provided","Unit | Allure History Policy","2026-03-14","passed","2026-03-14","","","",""
"","2","appends key-value outputs to the configured file","Unit | Scripts | GitHub | Parse Security Audit Report","2026-03-14","passed","2026-03-14","","appendOutput","",""
"","1","writes markdown lines to the summary file","Unit | Scripts | GitHub | Resolve Provider Validation Scope","2026-03-14","passed","2026-03-14","","appendSummary","",""
"","1","builds deploy rollout probe URLs from the production base URL","Unit | Scripts | Run Postman Deploy","2026-03-14","passed","2026-03-14","","buildDeployProbeUrls","",""
"","2","does not register clip when Replicate is explicitly disabled","Unit | Application Composition","2026-03-14","passed","2026-03-14","","","",""
"","1","returns undefined values when no CA bundle is configured","Unit | Infrastructure | Outbound Trust","2026-03-14","passed","2026-03-14","","","",""
"","21","Versioned ping alias","alt-text-generator API Contract Harness","2026-03-14","passed","2026-03-14","","07 Route Aliases","",""
"","1","isImage(https://example.com/photo.jpeg) === true","Unit | Services | Scraper Service","2026-03-14","passed","2026-03-14","","ScraperService.isImage","",""
"","94","rejects startup when no provider is configured","Unit | Utils | Validate Env Vars","2026-03-14","passed","2026-03-14","","","",""
"","2","parses CLI arguments","Unit | Scripts | GitHub | Resolve Pages Source Run","2026-03-14","passed","2026-03-14","","","",""
"","24","Versioned health alias","alt-text-generator API Contract Harness","2026-03-14","passed","2026-03-14","","07 Route Aliases","",""
"","3","parses supported CLI arguments including required checks","Unit | Scripts | GitHub | Promote To Production","2026-03-14","passed","2026-03-14","","parseArgs","",""
"","3","treats docs and health endpoints as public","Unit | Middleware | Access Control","2026-03-14","passed","2026-03-14","","","",""
"","1","marks image download failures as skippable after a fallback fetch","Unit | Services | OpenAI Compatible Vision Describer Service","2026-03-14","passed","2026-03-14","","","",""
"","2","forwards an internal error when page orchestration fails","Unit | Controllers | Description Controller","2026-03-14","passed","2026-03-14","","DescriptionController.describePage","",""
"","3","parses supported CLI arguments","Unit | Scripts | GitHub | Write Newman Summary","2026-03-14","passed","2026-03-14","","","",""
"","11","uses the production base URL by default","Unit | Scripts | Run Postman Deploy","2026-03-14","passed","2026-03-14","","parseArgs","",""
"","0","isImage(https://example.com/photo.svg) === true","Unit | Services | Scraper Service","2026-03-14","passed","2026-03-14","","ScraperService.isImage","",""
"","2","parses supported CLI arguments","Unit | Scripts | GitHub | Compose Pages Site","2026-03-14","passed","2026-03-14","","","",""
"","21","reads the GitHub event payload from disk","Unit | Allure History Policy","2026-03-14","passed","2026-03-14","","","",""
"","2","defines the mocked provider scopes used by the full local suite","Unit | Scripts | Postman | Local Provider Mocks","2026-03-14","passed","2026-03-14","","","",""
"","1","fetches and validates a history file","Unit | Allure History Fetcher","2026-03-14","passed","2026-03-14","","","",""
"","0","parses fallback defaults when GitHub env vars are absent","Unit | Scripts | GitHub | Dispatch Pages Publish","2026-03-14","passed","2026-03-14","","","",""
"","2","lists the top-level folder names from a collection","Unit | Scripts | Postman | Collection Utils","2026-03-14","passed","2026-03-14","","","",""
"","1","creates asynchronous description jobs with provider metadata","Unit | Services | Replicate Describer Service","2026-03-14","passed","2026-03-14","","","",""
"","1","falls back to synchronous image descriptions when async mode is requested for a sync provider","Unit | Services | Page Description Service","2026-03-14","passed","2026-03-14","","","",""
"","1","surfaces GitHub API dispatch failures","Unit | Scripts | GitHub | Dispatch Pages Publish","2026-03-14","passed","2026-03-14","","","",""
"","7","rejects invalid repository slugs","Unit | Scripts | Postman | Provider Validation Public Fixtures","2026-03-14","passed","2026-03-14","","","",""
"","1","keeps manual deploy verification runs ephemeral unless explicitly persisted","Unit | Allure History Policy","2026-03-14","passed","2026-03-14","","","",""
"","21","uses only the development Swagger server outside production","Unit | Config | Swagger","2026-03-14","passed","2026-03-14","","","",""
"","4","returns a pending job response for async-capable page providers","Unit | Controllers | Description Controller","2026-03-14","passed","2026-03-14","","DescriptionController.describePage","",""
"","0","maps together to the shared neutral folder with production env vars","Unit | Scripts | Postman | Provider Validation Scope","2026-03-14","passed","2026-03-14","","getSelectedProviderPlans","",""
"","4","builds page-job errors and skips execution when the job is terminal, active, or unclaimable","Unit | Services | Page Description Job Service","2026-03-14","passed","2026-03-14","","","",""
"","2","redirects forwarded HTTP requests using the validated forwarded host","Unit | Middleware | Request Filter","2026-03-14","passed","2026-03-14","","","",""
"","21","redacts sensitive request and response headers before logging","Unit | Infrastructure | Logger","2026-03-14","passed","2026-03-14","","","",""
"","4","rejects protected endpoints when the token is not in API_AUTH_TOKENS","Integration | API","2026-03-14","passed","2026-03-14","","API access control","",""
"","0","parses the supported base-url flag","Unit | Scripts | Run Postman Live","2026-03-14","passed","2026-03-14","","parseArgs","",""
"","1","detects replicate and azure independently","Unit | Scripts | Postman | Provider Validation Scope","2026-03-14","passed","2026-03-14","","detectAvailableProviders","",""
"","6","keeps provider validation fixtures public without authentication","Integration | API","2026-03-14","passed","2026-03-14","","API access control","",""
"","1","supports a future unit-local Redis topology behind an explicit flag","Unit | Config | Rate Limit Store","2026-03-14","passed","2026-03-14","","","",""
"","1","returns true for a valid https URL","Unit | URL Validator","2026-03-14","passed","2026-03-14","","","",""
"","55","accepts explicitly disabled API auth without configured tokens","Unit | Utils | Validate Env Vars","2026-03-14","passed","2026-03-14","","","",""
"","1","converts the 404 fallback into a not-found ApiError","Unit | Middleware | Error Handler","2026-03-14","passed","2026-03-14","","","",""
"","41","copies the latest valid history artifact into the results directory","Unit | Allure History Artifact Restore","2026-03-14","passed","2026-03-14","","","",""
"","2","writes the pid file only from the primary process","Unit | Server | Runtime Bootstrap","2026-03-14","passed","2026-03-14","","","",""
"","1","lists available models","Unit | Services | Image Describer Factory","2026-03-14","passed","2026-03-14","","","",""
"","1","invokes postman:post-deploy from the post-deploy workflow","Unit | Scripts | Run Postman Deploy","2026-03-14","passed","2026-03-14","","package and workflow wiring","",""
"","10","forks the requested number of workers and restarts unexpected exits with backoff","Unit | Server | Cluster Manager","2026-03-14","passed","2026-03-14","","","",""
"","6","writes environment.properties and executor.json into the results directory","Unit | Allure Metadata Writer","2026-03-14","passed","2026-03-14","","","",""
"","71","rejects a max restart backoff smaller than the base restart backoff","Unit | Utils | Validate Env Vars","2026-03-14","passed","2026-03-14","","","",""
"","331","generates self-signed localhost credentials outside production","Unit | Infrastructure | Load TLS Credentials","2026-03-14","passed","2026-03-14","","","",""
"","5","returns 400 when url is missing","Integration | API","2026-03-14","passed","2026-03-14","","GET /api/scraper/images","",""
"","1","isImage() === false","Unit | Services | Scraper Service","2026-03-14","passed","2026-03-14","","ScraperService.isImage","",""
"","1","rejects workflow run lookup without GitHub context","Unit | Scripts | GitHub | Resolve Pages Source Run","2026-03-14","passed","2026-03-14","","","",""
"","2","rejects malformed direct host headers instead of redirecting","Unit | Middleware | Request Filter","2026-03-14","passed","2026-03-14","","","",""
"","6","throws a descriptive error for an unknown model","Unit | Services | Image Describer Factory","2026-03-14","passed","2026-03-14","","","",""
"","5","preserves duplicate entries while reusing one prediction per unique URL","Integration | API","2026-03-14","passed","2026-03-14","","GET /api/accessibility/descriptions","",""
"","1","skips invalid image URLs that cannot be resolved","Unit | Services | Scraper Service","2026-03-14","passed","2026-03-14","","ScraperService.extractImageSources","",""
"","1","fetches workflow run details from the GitHub API","Unit | Scripts | GitHub | Resolve Pages Source Run","2026-03-14","passed","2026-03-14","","","",""
"","1","rejects non-array payloads from the compare endpoint","Unit | Scripts | GitHub | Review Dependencies","2026-03-14","passed","2026-03-14","","listDependencyChanges","",""
"","4","returns a completed async page-description job response","Integration | API","2026-03-14","passed","2026-03-14","","GET /api/accessibility/page-description-jobs/:jobId","",""
"","1","switches to the Allure test environment when a results dir is provided","Unit | Jest Configuration","2026-03-14","passed","2026-03-14","","","",""
"","20","creates the request logger from the app logger child with standard serializers","Unit | Infrastructure | Logger","2026-03-14","passed","2026-03-14","","","",""
"","1","filters unsupported svg image sources for page descriptions","Unit | Services | OpenAI Compatible Vision Describer Service","2026-03-14","passed","2026-03-14","","","",""
"","29","fails fast when Redis mode is selected without a Redis URL","Unit | Infrastructure | Description Job Store","2026-03-14","passed","2026-03-14","","","",""
"","1","dispatches the publish workflow for the source CI run","Unit | Scripts | GitHub | Dispatch Pages Publish","2026-03-14","passed","2026-03-14","","","",""
"","1","allows requests through when auth is not configured","Unit | Middleware | Access Control","2026-03-14","passed","2026-03-14","","","",""
"","7","serves Azure descriptions through the default runtime composition when configured","Integration | API","2026-03-14","passed","2026-03-14","","GET /api/accessibility/description","",""
"","8","rejects invalid CLI arguments","Unit | Scripts | GitHub | Dispatch Pages Publish","2026-03-14","passed","2026-03-14","","","",""
"","1","returns true for a valid http URL","Unit | URL Validator","2026-03-14","passed","2026-03-14","","","",""
"","2","extracts trimmed direct string payloads","Unit | Providers | Shared | Extract Caption Text","2026-03-14","passed","2026-03-14","","","",""
"","2","returns 404 for unregistered paths","Integration | API","2026-03-14","passed","2026-03-14","","unknown routes","",""
"","56","rejects OpenAI overrides without an API key","Unit | Utils | Validate Env Vars","2026-03-14","passed","2026-03-14","","","",""
"","1","allows protected requests with a matching token","Unit | Middleware | Access Control","2026-03-14","passed","2026-03-14","","","",""
"","0","invokes postman:live-provider from the live workflow","Unit | Scripts | Run Postman Live","2026-03-14","passed","2026-03-14","","package and workflow wiring","",""
"","1","parses the supported base-url flag","Unit | Scripts | Run Postman Deploy","2026-03-14","passed","2026-03-14","","parseArgs","",""
"","1","requires the GitHub App private key secret","Unit | Scripts | GitHub | Create GitHub App Installation Token","2026-03-14","passed","2026-03-14","","createGitHubAppInstallationToken","",""
"","2","throws when the HTTP client rejects","Unit | Services | Scraper Service","2026-03-14","passed","2026-03-14","","ScraperService.getImages","",""
"","1","filters model-incompatible image sources before describing a page","Unit | Services | Page Description Service","2026-03-14","passed","2026-03-14","","","",""
"","14","rejects unsupported and incomplete arguments","Unit | Scripts | GitHub | Parse Security Audit Report","2026-03-14","passed","2026-03-14","","parseArgs","",""
"","2","loads the installation id for the repository","Unit | Scripts | GitHub | Create GitHub App Installation Token","2026-03-14","passed","2026-03-14","","resolveInstallationId","",""
"","1","accepts true and false","Unit | Scripts | Run Postman Deploy","2026-03-14","passed","2026-03-14","","normalizeBooleanFlag","",""
"","29","Unversioned single description alias","alt-text-generator API Contract Harness","2026-03-14","passed","2026-03-14","","07 Route Aliases","",""
"","2","maps provider timeouts to gateway timeout responses","Unit | Controllers | Description Controller","2026-03-14","passed","2026-03-14","","DescriptionController.describe","",""
"","34","HTTP redirects to HTTPS","alt-text-generator API Contract Harness","2026-03-14","passed","2026-03-14","","05 Routing & Redirects","",""
"","0","falls back to azure when auto is requested and both providers are configured","Unit | Scripts | GitHub | Resolve Provider Validation Scope","2026-03-14","passed","2026-03-14","","resolveScopeFromEnv","",""
"","0","extracts tokens from Bearer authorization","Unit | Middleware | Access Control","2026-03-14","passed","2026-03-14","","","",""
"","1","isImage(https://example.com/page.html) === false","Unit | Services | Scraper Service","2026-03-14","passed","2026-03-14","","ScraperService.isImage","",""
"","11","forwards a validation error for an unknown model","Unit | Controllers | Description Controller","2026-03-14","passed","2026-03-14","","DescriptionController.describe","",""
"","53","throws a helpful error when production credentials are missing","Unit | Infrastructure | Load TLS Credentials","2026-03-14","passed","2026-03-14","","","",""
"","2","builds env schema and config defaults","Unit | Providers | Definitions | Build OpenAI Compatible Provider","2026-03-14","passed","2026-03-14","","","",""
"","1","treats blank deploy validation tokens as missing when auth is enabled","Unit | Scripts | Run Postman Deploy","2026-03-14","passed","2026-03-14","","resolveProductionDeployAuthConfig","",""
"","1","returns no GitHub Pages URL for malformed repository identifiers","Unit | Allure History Policy","2026-03-14","passed","2026-03-14","","","",""
"","18","returns a completed page result when the async page job finishes within the wait window","Unit | Services | Page Description Job Service","2026-03-14","passed","2026-03-14","","","",""
"","6","forwards a validation error for an unknown model","Unit | Controllers | Description Controller","2026-03-14","passed","2026-03-14","","DescriptionController.describePage","",""
"","2","parses supported CLI arguments","Unit | Scripts | GitHub | Sync Pages State Branch","2026-03-14","passed","2026-03-14","","","",""
"","24","rejects missing required CLI arguments","Unit | Allure History Artifact Restore","2026-03-14","passed","2026-03-14","","","",""
"","1","starts not ready by default","Unit | Server | Runtime State","2026-03-14","passed","2026-03-14","","","",""
"","7","rejects protected endpoints without authentication","Integration | API","2026-03-14","passed","2026-03-14","","API access control","",""
"","21","applies the dedicated status limiter to repeated health checks","Integration | API","2026-03-14","passed","2026-03-14","","rate limiting","",""
"","14","accepts provider-validation data-url payloads above the express default json limit","Unit | Scripts | Postman Fixture Server","2026-03-14","passed","2026-03-14","","","",""
"","5","returns description array on success","Integration | API","2026-03-14","passed","2026-03-14","","GET /api/accessibility/description","",""
"","5","accepts X-API-Key authentication on protected endpoints","Integration | API","2026-03-14","passed","2026-03-14","","API access control","",""
"","2","forwards an internal error when the describer fails","Unit | Controllers | Description Controller","2026-03-14","passed","2026-03-14","","DescriptionController.describe","",""
"","5","creates a fallback root index when publishing a PR report into an empty site","Unit | Scripts | GitHub | Compose Pages Site","2026-03-14","passed","2026-03-14","","","",""
"","2","falls back to auto when the value is empty","Unit | Scripts | Postman | Provider Validation Scope","2026-03-14","passed","2026-03-14","","normalizeProviderScope","",""
"","1","emits grouped diagnostic lines for GitHub Actions logs","Unit | Scripts | Postman | Newman Runner","2026-03-14","passed","2026-03-14","","","",""
"","1","accepts successful required checks even when duplicate runs exist","Unit | Scripts | GitHub | Promote To Production","2026-03-14","passed","2026-03-14","","ensureRequiredChecksGreen","",""
"","2","times out with the last rollout issues when the deploy never stabilizes","Unit | Scripts | Run Postman Deploy","2026-03-14","passed","2026-03-14","","waitForStableDeploy","",""
"","2","reports missing failures and collection-summary issues when the JSON report is still parseable","Unit | Scripts | Postman | Newman Runner","2026-03-14","passed","2026-03-14","","","",""
"","491","creates and updates the state branch","Unit | Scripts | GitHub | Sync Pages State Branch","2026-03-14","passed","2026-03-14","","","",""
"","11","rejects invalid CLI arguments","Unit | Scripts | GitHub | Resolve Pages Source Run","2026-03-14","passed","2026-03-14","","","",""
"","61","accepts non-empty API auth tokens when provided","Unit | Utils | Validate Env Vars","2026-03-14","passed","2026-03-14","","","",""
"","1","does not mark Azure auth failures as skippable","Unit | Services | Azure Describer Service","2026-03-14","passed","2026-03-14","","","",""
"","29","Swagger Spec","alt-text-generator API Contract Harness","2026-03-14","passed","2026-03-14","","00 Core Smoke","",""
"","22","limits concurrent provider calls while preserving output order","Unit | Services | Page Description Service","2026-03-14","passed","2026-03-14","","","",""
"","37","Protected description accepts X-API-Key","alt-text-generator API Contract Harness","2026-03-14","passed","2026-03-14","","08 API Auth Contract","",""
"","2","wraps async handlers and forwards rejected promises","Unit | Middleware | Error Handler","2026-03-14","passed","2026-03-14","","","",""
"","13","publishes the main report at the site root","Unit | Scripts | GitHub | Compose Pages Site","2026-03-14","passed","2026-03-14","","","",""
"","15","publishes a PR report without overwriting the root report","Unit | Scripts | GitHub | Compose Pages Site","2026-03-14","passed","2026-03-14","","","",""
"","2","returns the description array on success","Unit | Controllers | Description Controller","2026-03-14","passed","2026-03-14","","DescriptionController.describe","",""
"","1","does not register azure when its config is incomplete","Unit | Application Composition","2026-03-14","passed","2026-03-14","","","",""
"","1","returns false for unrelated failures","Unit | Providers | Shared | Is Skippable Image Source Error","2026-03-14","passed","2026-03-14","","","",""
"","1","treats 404 history files as missing instead of failing the build","Unit | Allure History Fetcher","2026-03-14","passed","2026-03-14","","","",""
"","54","accepts Azure provider credentials when endpoint and subscription key are set","Unit | Utils | Validate Env Vars","2026-03-14","passed","2026-03-14","","","",""
"","1","throws when request items are missing a specific status expectation","Unit | Scripts | Postman | Collection Utils","2026-03-14","passed","2026-03-14","","","",""
"","1","treats a Replicate token as a configured provider when resolving auto","Unit | Scripts | GitHub | Resolve Provider Validation Scope","2026-03-14","passed","2026-03-14","","resolveScopeFromEnv","",""
"","55","accepts valid cluster lifecycle overrides","Unit | Utils | Validate Env Vars","2026-03-14","passed","2026-03-14","","","",""
"","6","rejects when the Newman process cannot be spawned","Unit | Scripts | Postman | Newman Runner","2026-03-14","passed","2026-03-14","","","",""
"","1","filters by scope before severity","Unit | Scripts | GitHub | Review Dependencies","2026-03-14","passed","2026-03-14","","filters","",""
"","27","rejects missing required CLI arguments","Unit | Allure History Artifact Packaging","2026-03-14","passed","2026-03-14","","","",""
"","1","builds a manifest with stream-specific metadata","Unit | Allure History Artifact Packaging","2026-03-14","passed","2026-03-14","","","",""
"","1","returns null for unknown assets","provider validation fixtures","2026-03-14","passed","2026-03-14","","","",""
"","17","maps request outcomes to the expected log levels and messages","Unit | Infrastructure | Logger","2026-03-14","passed","2026-03-14","","","",""
"","1","extracts nested output and data payloads","Unit | Providers | Shared | Extract Caption Text","2026-03-14","passed","2026-03-14","","","",""
"","2","extracts request and response details from fetch-style errors","Unit | Utils | Get Upstream Error Summary","2026-03-14","passed","2026-03-14","","","",""
"","0","isImage(https://example.com/photo.gif) === true","Unit | Services | Scraper Service","2026-03-14","passed","2026-03-14","","ScraperService.isImage","",""
"","1","maps provider timeouts during page descriptions to gateway timeout responses","Unit | Controllers | Description Controller","2026-03-14","passed","2026-03-14","","DescriptionController.describePage","",""
"","3","parses the required CLI arguments","Unit | Allure History Artifact Restore","2026-03-14","passed","2026-03-14","","","",""
"","3","documents a public root service index","Unit | Config | Swagger","2026-03-14","passed","2026-03-14","","","",""
"","22","Provider outage returns 500","alt-text-generator API Contract Harness","2026-03-14","passed","2026-03-14","","20 Single Description (Azure Stub)","",""
"","5","logs start and completion details when the Newman command succeeds","Unit | Scripts | Postman | Newman Runner","2026-03-14","passed","2026-03-14","","","",""
"","1","skips protected deploy verification when auth is enabled without a token","Unit | Scripts | Run Postman Deploy","2026-03-14","passed","2026-03-14","","resolveProductionDeployAuthConfig","",""
"","27","Describe fixture image A","alt-text-generator API Contract Harness","2026-03-14","passed","2026-03-14","","20 Single Description (Azure Stub)","",""
"","12","keeps health checks available when the default API limiter is exhausted","Integration | API","2026-03-14","passed","2026-03-14","","rate limiting","",""
"","2","treats a Replicate token as sufficient enablement for clip","Unit | Config | Provider Catalog","2026-03-14","passed","2026-03-14","","","",""
"","1","ignores unrelated GitHub API failures","Unit | Scripts | GitHub | Promote To Production","2026-03-14","passed","2026-03-14","","isProtectedBranchRefUpdateError","",""
"","1","falls back to huggingface before openai and openrouter in auto mode","Unit | Scripts | Postman | Provider Validation Scope","2026-03-14","passed","2026-03-14","","resolveProviderScope","",""
"","1","returns empty array when no images found","Unit | Services | Scraper Service","2026-03-14","passed","2026-03-14","","ScraperService.extractImageSources","",""
"","9","keeps the root service index public without authentication","Integration | API","2026-03-14","passed","2026-03-14","","API access control","",""
"","184","exposes git helpers for failure-tolerant checks","Unit | Scripts | GitHub | Sync Pages State Branch","2026-03-14","passed","2026-03-14","","","",""
"","74","rejects multi-worker startup without a shared Redis-backed store","Unit | Utils | Validate Env Vars","2026-03-14","passed","2026-03-14","","","",""
"","2","forwards a validation error when url is missing","Unit | Controllers | Description Controller","2026-03-14","passed","2026-03-14","","DescriptionController.describePage","",""
"","19","removes the PR index when no PR reports remain in the composed site","Unit | Scripts | GitHub | Compose Pages Site","2026-03-14","passed","2026-03-14","","","",""
"","49","redirects direct HTTP traffic to HTTPS","Integration | API","2026-03-14","passed","2026-03-14","","request filter","",""
"","3","caps exponential restart backoff at the configured maximum","Unit | Server | Cluster Manager","2026-03-14","passed","2026-03-14","","","",""
"","6","rejects artifacts with mismatched manifests without failing the build","Unit | Allure History Artifact Restore","2026-03-14","passed","2026-03-14","","","",""
"","1","a.png and b.png remain distinct fixture payloads","provider validation fixtures","2026-03-14","passed","2026-03-14","","","",""
"","0","treats a Replicate token as sufficient for the configured scope list","Unit | Scripts | Postman | Provider Validation Scope","2026-03-14","passed","2026-03-14","","detectAvailableProviders","",""
"","13","keeps the standard node environment when Allure is disabled","Unit | Jest Configuration","2026-03-14","passed","2026-03-14","","","",""
"","1","exits immediately when no shutdown handler is available","Unit | Server | Register Fatal Handlers","2026-03-14","passed","2026-03-14","","","",""
"","1","targets the production api-docs page for deploy scraper verification","Unit | Scripts | Run Postman Deploy","2026-03-14","passed","2026-03-14","","buildDeployEnvVars","",""
"","3","forwards a validation error when model is missing","Unit | Controllers | Description Controller","2026-03-14","passed","2026-03-14","","DescriptionController.describe","",""
"","1","prefers the explicit description-job Redis URL and normalizes the prefix","Unit | Config | Description Job Store","2026-03-14","passed","2026-03-14","","","",""
"","1","times out long-running predictions and requests cancellation","Unit | Services | Replicate Describer Service","2026-03-14","passed","2026-03-14","","","",""
"","60","rejects a negative TRUST_PROXY_HOPS override","Unit | Utils | Validate Env Vars","2026-03-14","passed","2026-03-14","","","",""
"","0","encodes raw GitHub paths without altering path separators","Unit | Scripts | Postman | Provider Validation Public Fixtures","2026-03-14","passed","2026-03-14","","","",""
"","28","rejects unsupported workflow kinds","Unit | Allure History Policy","2026-03-14","passed","2026-03-14","","","",""
"","1","recognizes protected-branch ref update rejections","Unit | Scripts | GitHub | Promote To Production","2026-03-14","passed","2026-03-14","","isProtectedBranchRefUpdateError","",""
"","4","deploys prepared Pages artifacts from main CI runs and supports dispatch-based PR/manual backfills","Unit | Workflows | Allure Pages Publish","2026-03-14","passed","2026-03-14","","","",""
"","3","wraps store operations so request-time store errors fail open","Unit | Infrastructure | Rate Limit Store","2026-03-14","passed","2026-03-14","","","",""
"","2","derives worker count and cluster mode from config","Unit | Server | Runtime Bootstrap","2026-03-14","passed","2026-03-14","","","",""
"","63","rejects API auth tokens when the configured list is empty after trimming","Unit | Utils | Validate Env Vars","2026-03-14","passed","2026-03-14","","","",""
"","5","prefers the generated OpenAPI artifact over runtime swagger-jsdoc parsing","Unit | Config | Swagger","2026-03-14","passed","2026-03-14","","","",""
"","1","renders a fixture page with both provider validation assets","provider validation fixtures","2026-03-14","passed","2026-03-14","","","",""
"","0","returns false for an empty string","Unit | URL Validator","2026-03-14","passed","2026-03-14","","","",""
"","2","returns a pending page job when the background execution does not finish within the wait window","Unit | Services | Page Description Job Service","2026-03-14","passed","2026-03-14","","","",""
"","21","publishes runnable encoded examples for image and page endpoints","Unit | Config | Swagger","2026-03-14","passed","2026-03-14","","","",""
"","2","ignores non-directory PR entries and folders without an index","Unit | Scripts | GitHub | Compose Pages Site","2026-03-14","passed","2026-03-14","","","",""
"","7","fails open when the Redis-backed limiter store errors during a request","Integration | API","2026-03-14","passed","2026-03-14","","rate limiting","",""
"","2","reuses persisted description jobs while building the page result","Unit | Services | Page Description Job Service","2026-03-14","passed","2026-03-14","","","",""
"","23","Scrape fixture page images","alt-text-generator API Contract Harness","2026-03-14","passed","2026-03-14","","10 Scraper Contract","",""
"","1","formats a no-failures summary with an explicit none marker","Unit | Scripts | GitHub | Write Newman Summary","2026-03-14","passed","2026-03-14","","","",""
"","1","starts clustered mode only from the primary process","Unit | Server | Runtime Bootstrap","2026-03-14","passed","2026-03-14","","","",""
"","3","uses provider-validation budgets only for provider-validation runs","Unit | Postman Harness Reporting","2026-03-14","passed","2026-03-14","","","",""
"","0","maps azure to azure only","Unit | Scripts | Postman | Provider Validation Scope","2026-03-14","passed","2026-03-14","","getSelectedProviders","",""
"","2","forwards a validation error when url is invalid","Unit | Controllers | Description Controller","2026-03-14","passed","2026-03-14","","DescriptionController.describePage","",""
"","3","parses JSON bodies when the response is JSON","Unit | Scripts | Run Postman Deploy","2026-03-14","passed","2026-03-14","","requestDeployProbe","",""
"","2","parses supported CLI arguments","Unit | Scripts | GitHub | Create GitHub App Installation Token","2026-03-14","passed","2026-03-14","","parseArgs","",""
"","0","isImage(https://example.com/photo.webp) === true","Unit | Services | Scraper Service","2026-03-14","passed","2026-03-14","","ScraperService.isImage","",""
"","1","strips query strings from image URLs","Unit | Services | Scraper Service","2026-03-14","passed","2026-03-14","","ScraperService.extractImageSources","",""
"","4","runs protected deploy verification when auth is enabled with a token","Unit | Scripts | Run Postman Deploy","2026-03-14","passed","2026-03-14","","resolveProductionDeployAuthConfig","",""
"","15","allows the shared REDIS_URL to back rate limiting automatically","Unit | Config | Index","2026-03-14","passed","2026-03-14","","","",""
"","2","uses public provider-validation fixtures alongside the live base URL","Unit | Scripts | Run Postman Live","2026-03-14","passed","2026-03-14","","buildLiveProviderEnvVars","",""
"","1","uses postman:post-deploy as the canonical npm command","Unit | Scripts | Run Postman Deploy","2026-03-14","passed","2026-03-14","","package and workflow wiring","",""
"","2","escalates shutdown failures to exit code 1","Unit | Server | Server Functions","2026-03-14","passed","2026-03-14","","","",""
"","10","throws a descriptive error when Azure returns no captions","Unit | Services | Azure Describer Service","2026-03-14","passed","2026-03-14","","","",""
"","1","resolves workflow_run source context","Unit | Scripts | GitHub | Resolve Pages Source Run","2026-03-14","passed","2026-03-14","","","",""
"","1","reports rollout issues until health headers and auth expectations match","Unit | Scripts | Run Postman Deploy","2026-03-14","passed","2026-03-14","","collectDeployStabilizationIssues","",""
"","0","preserves provider validation metadata on the provider definition","Unit | Providers | Definitions | Build OpenAI Compatible Provider","2026-03-14","passed","2026-03-14","","","",""
"","9","extracts absolute image src attributes","Unit | Services | Scraper Service","2026-03-14","passed","2026-03-14","","ScraperService.extractImageSources","",""
"","27","Protected description rejects missing auth","alt-text-generator API Contract Harness","2026-03-14","passed","2026-03-14","","08 API Auth Contract","",""
"","23","rejects unsupported flags","Unit | Scripts | Run Postman Live","2026-03-14","passed","2026-03-14","","parseArgs","",""
"","4","prepares a composed Pages site artifact and dispatches PR publication without deploying directly from the CI run","Unit | Workflows | CI Allure Pages","2026-03-14","passed","2026-03-14","","","",""
"","3","normalizes URLs and parses CLI arguments","Unit | Allure History Policy","2026-03-14","passed","2026-03-14","","","",""
"","1","returns 404 when the page-description job does not exist","Unit | Controllers | Description Controller","2026-03-14","passed","2026-03-14","","DescriptionController.getPageDescriptionJob","",""
"","1","resolves the effective kind from the configured mode and Redis URL","Unit | Config | Rate Limit Store","2026-03-14","passed","2026-03-14","","","",""
"","1","throws when a required check is missing success","Unit | Scripts | GitHub | Promote To Production","2026-03-14","passed","2026-03-14","","ensureRequiredChecksGreen","",""
"","9","responds with pong and mounts the request logger middleware","Integration | API","2026-03-14","passed","2026-03-14","","GET /api/ping","",""
"","1","disables history for custom deploy verification URLs","Unit | Allure History Policy","2026-03-14","passed","2026-03-14","","","",""
"","1","initializes a Redis-backed store and wires client errors to the logger","Unit | Infrastructure | Description Job Store","2026-03-14","passed","2026-03-14","","","",""
"","1","returns a registered describer by name","Unit | Services | Image Describer Factory","2026-03-14","passed","2026-03-14","","","",""
"","4","detects api-key-backed multimodal providers","Unit | Scripts | Postman | Provider Validation Scope","2026-03-14","passed","2026-03-14","","detectAvailableProviders","",""
"","1","maps all to the configured providers","Unit | Scripts | Postman | Provider Validation Scope","2026-03-14","passed","2026-03-14","","getSelectedProviders","",""
"","18","throws a helpful error when requested folders are missing","Unit | Scripts | Postman | Collection Utils","2026-03-14","passed","2026-03-14","","","",""
"","1","rejects all scope when no provider is configured","Unit | Scripts | Postman | Provider Validation Scope","2026-03-14","passed","2026-03-14","","resolveProviderScope","",""
"","2","extracts axios-style config, code, headers, and body preview","Unit | Utils | Get Upstream Error Summary","2026-03-14","passed","2026-03-14","","","",""
"","4","parses CLI arguments with defaults","Unit | Scripts | GitHub | Dispatch Pages Publish","2026-03-14","passed","2026-03-14","","","",""
"","2","propagates errors from the Replicate client","Unit | Services | Replicate Describer Service","2026-03-14","passed","2026-03-14","","","",""
"","1","normalizes the bare /api/ route with a relative redirect","Unit | Middleware | Request Filter","2026-03-14","passed","2026-03-14","","","",""
"","1","transitions to ready and then draining","Unit | Server | Runtime State","2026-03-14","passed","2026-03-14","","","",""
"","1","supports chained registration","Unit | Services | Image Describer Factory","2026-03-14","passed","2026-03-14","","","",""
"","3","forwards a validation error when url is missing","Unit | Controllers | Scraper Controller","2026-03-14","passed","2026-03-14","","","",""
"","1","uses a force realignment when only branch-only history differs","Unit | Scripts | GitHub | Promote To Production","2026-03-14","passed","2026-03-14","","derivePromotionPlan","",""
"","2","resolves and trims the Allure results directory from the environment","Unit | Postman Harness Reporting","2026-03-14","passed","2026-03-14","","","",""
"","1","claims in-memory jobs when the lease is free or expired","Unit | Infrastructure | Description Job Store","2026-03-14","passed","2026-03-14","","","",""
"","1","looks up workflow_dispatch source context from the GitHub API","Unit | Scripts | GitHub | Resolve Pages Source Run","2026-03-14","passed","2026-03-14","","","",""
"","2","writes a clean summary when no matching vulnerabilities are added","Unit | Scripts | GitHub | Review Dependencies","2026-03-14","passed","2026-03-14","","reviewDependencies","",""
"","71","shares API rate-limit counters across distinct app instances","Integration | Redis Rate Limiting","2026-03-14","passed","2026-03-14","","","",""
"","4","accepts Bearer authentication on protected endpoints","Integration | API","2026-03-14","passed","2026-03-14","","API access control","",""
"","1","builds API URLs relative to the configured GitHub API base","Unit | Scripts | GitHub | Dispatch Pages Publish","2026-03-14","passed","2026-03-14","","","",""
"","2","falls back to runtime generation when the generated spec artifact is missing","Unit | Config | Swagger","2026-03-14","passed","2026-03-14","","","",""
"","1","isImage(https://example.com/script.js) === false","Unit | Services | Scraper Service","2026-03-14","passed","2026-03-14","","ScraperService.isImage","",""
"","9","continues to rate limit normal API traffic","Integration | API","2026-03-14","passed","2026-03-14","","rate limiting","",""
"","1","falls back to the workflow event name when the source workflow event is absent","Unit | Scripts | GitHub | Resolve Pages Source Run","2026-03-14","passed","2026-03-14","","","",""
"","1","fails dispatch when the token is missing","Unit | Scripts | GitHub | Dispatch Pages Publish","2026-03-14","passed","2026-03-14","","","",""
"","2","retries retryable upstream errors before succeeding","Unit | Services | OpenAI Compatible Vision Describer Service","2026-03-14","passed","2026-03-14","","","",""
"","3","returns a pending async page-description job response","Integration | API","2026-03-14","passed","2026-03-14","","GET /api/accessibility/page-description-jobs/:jobId","",""
"","3","returns a cached completed result without creating a new provider job","Unit | Services | Description Job Service","2026-03-14","passed","2026-03-14","","","",""
"","6","redirects direct HTTP requests to HTTPS using the validated host header","Unit | Middleware | Request Filter","2026-03-14","passed","2026-03-14","","","",""
"","1","builds local mock provider configuration URLs","Unit | Scripts | Postman | Local Provider Mocks","2026-03-14","passed","2026-03-14","","","",""
"","15","prints grouped diagnostics and rejects with the report path when the Newman command fails","Unit | Scripts | Postman | Newman Runner","2026-03-14","passed","2026-03-14","","","",""
"","13","sanitizes serialized errors before they reach the logger output","Unit | Infrastructure | Logger","2026-03-14","passed","2026-03-14","","","",""
"","0","parses read-pages-metadata CLI arguments","Unit | Scripts | GitHub | Page Metadata","2026-03-14","passed","2026-03-14","","","",""
"","3","starts both servers and registers graceful shutdown","Unit | Server | Start Application Runtime","2026-03-14","passed","2026-03-14","","","",""
"","5","returns 400 when url is missing","Integration | API","2026-03-14","passed","2026-03-14","","GET /api/accessibility/descriptions","",""
"","2","collects paginated artifact results from the GitHub API","Unit | Allure History Artifact Restore","2026-03-14","passed","2026-03-14","","","",""
"","39","Unversioned scraper alias","alt-text-generator API Contract Harness","2026-03-14","passed","2026-03-14","","07 Route Aliases","",""
"","3","does not register clip when the Replicate token is missing","Unit | Application Composition","2026-03-14","passed","2026-03-14","","","",""
"","1","supports caller-provided image resolvers for page job orchestration","Unit | Services | Page Description Service","2026-03-14","passed","2026-03-14","","","",""
"","1","disables history persistence for fork pull requests","Unit | Allure History Policy","2026-03-14","passed","2026-03-14","","","",""
"","2","registers only azure when Replicate is not configured","Unit | Application Composition","2026-03-14","passed","2026-03-14","","","",""
"","28","treats a cold-start stream as a non-fatal skip","Unit | Allure History Artifact Restore","2026-03-14","passed","2026-03-14","","","",""
"","6","cleans up fatal handlers when bootstrap fails before servers are ready","Unit | Server | Start Application Runtime","2026-03-14","passed","2026-03-14","","","",""
"","1","preserves multiline keys and expands escaped newlines","Unit | Scripts | GitHub | Create GitHub App Installation Token","2026-03-14","passed","2026-03-14","","normalizePrivateKey","",""
"","251","writes GitHub Actions outputs when executed as a CLI","Unit | Scripts | GitHub | Sync Pages State Branch","2026-03-14","passed","2026-03-14","","","",""
"","7","responds with health info","Integration | API","2026-03-14","passed","2026-03-14","","GET /api/health","",""
"","1","parses the required arguments","Unit | Scripts | GitHub | Parse Security Audit Report","2026-03-14","passed","2026-03-14","","parseArgs","",""
"","7","redirects proxy-forwarded HTTP traffic to HTTPS","Integration | API","2026-03-14","passed","2026-03-14","","request filter","",""
"","37","rejects unsupported and incomplete arguments","Unit | Scripts | GitHub | Create GitHub App Installation Token","2026-03-14","passed","2026-03-14","","parseArgs","",""
"","0","builds API URLs relative to the configured GitHub API base","Unit | Scripts | GitHub | Resolve Pages Source Run","2026-03-14","passed","2026-03-14","","","",""
"","2","rejects unsupported CLI arguments","Unit | Scripts | GitHub | Compose Pages Site","2026-03-14","passed","2026-03-14","","","",""
"","1","rejects token responses that omit the token value","Unit | Scripts | GitHub | Create GitHub App Installation Token","2026-03-14","passed","2026-03-14","","createInstallationAccessToken","",""
"","2","skips image-specific provider failures during page descriptions","Unit | Services | Page Description Service","2026-03-14","passed","2026-03-14","","","",""
"","15","throws when auth is enabled without any configured tokens","Unit | Middleware | Access Control","2026-03-14","passed","2026-03-14","","","",""
"","1","keeps custom deploy verification URLs ephemeral","Unit | Allure History Policy","2026-03-14","passed","2026-03-14","","","",""
"","8","writes workflow_dispatch source-run outputs through the CLI","Unit | Scripts | GitHub | Resolve Pages Source Run","2026-03-14","passed","2026-03-14","","","",""
"","1","includes optional PR, Newman mode, and base URL fields when present","Unit | Allure History Artifact Packaging","2026-03-14","passed","2026-03-14","","","",""
"","5","returns a pending async job response","Integration | API","2026-03-14","passed","2026-03-14","","GET /api/accessibility/description-jobs/:jobId","",""
"","2","detects exact status assertions in request test scripts","Unit | Scripts | Postman | Collection Utils","2026-03-14","passed","2026-03-14","","","",""
"","1","writes source-run fields to GitHub outputs","Unit | Scripts | GitHub | Resolve Pages Source Run","2026-03-14","passed","2026-03-14","","","",""
"","4","configures created HTTP servers with conservative timeout defaults","Unit | Server | Server Functions","2026-03-14","passed","2026-03-14","","","",""
"","2","builds prefixed Redis store namespaces per limiter scope","Unit | Infrastructure | Rate Limit Store","2026-03-14","passed","2026-03-14","","","",""
"","9","responds with a stable public service index","Integration | API","2026-03-14","passed","2026-03-14","","GET /","",""
"","1","parses write-pages-metadata CLI arguments","Unit | Scripts | GitHub | Page Metadata","2026-03-14","passed","2026-03-14","","","",""
"","1","keeps the existing CLI, JSON, and JUnit reporters by default","Unit | Postman Harness Reporting","2026-03-14","passed","2026-03-14","","","",""
"","85","accepts a Together-only provider configuration","Unit | Utils | Validate Env Vars","2026-03-14","passed","2026-03-14","","","",""
"","2","fails when added runtime dependencies introduce matching vulnerabilities","Unit | Scripts | GitHub | Review Dependencies","2026-03-14","passed","2026-03-14","","reviewDependencies","",""
"","1","requires both azure endpoint and credential","Unit | Scripts | Postman | Provider Validation Scope","2026-03-14","passed","2026-03-14","","detectAvailableProviders","",""
"","7","returns image list on success","Integration | API","2026-03-14","passed","2026-03-14","","GET /api/scraper/images","",""
"","9","throws a clear error when the configured CA bundle file does not exist","Unit | Infrastructure | Outbound Trust","2026-03-14","passed","2026-03-14","","","",""
"","17","uses the explicit TLS_* settings for HTTPS config","Unit | Config | Index","2026-03-14","passed","2026-03-14","","","",""
"","1","normalizes unexpected errors into a generic internal response","Unit | Middleware | Error Handler","2026-03-14","passed","2026-03-14","","","",""
"","19","parses supported CLI arguments","Unit | Scripts | GitHub | Review Dependencies","2026-03-14","passed","2026-03-14","","parseArgs","",""
"","3","accepts reachable image and page fixtures","Unit | Scripts | Postman | Provider Validation Fixture Probe","2026-03-14","passed","2026-03-14","","","",""
"","13","fails fast when the fixture page is not valid HTML","Unit | Scripts | Postman | Provider Validation Fixture Probe","2026-03-14","passed","2026-03-14","","","",""
"","11","keeps summarizing valid reports when one report is malformed","Unit | Scripts | GitHub | Write Newman Summary","2026-03-14","passed","2026-03-14","","","",""
"","14","resolves the documented cluster policy defaults","Unit | Server | Cluster Manager","2026-03-14","passed","2026-03-14","","","",""
"","7","isImage(https://example.com/photo.jpg) === true","Unit | Services | Scraper Service","2026-03-14","passed","2026-03-14","","ScraperService.isImage","",""
"","0","allows public requests through when auth is configured","Unit | Middleware | Access Control","2026-03-14","passed","2026-03-14","","","",""
"","1","creates a buffer from non-buffer payloads and tolerates missing content type","Unit | Providers | Shared | Fetch Image Asset","2026-03-14","passed","2026-03-14","","","",""
"","2","allows public health endpoints without authentication","Integration | API","2026-03-14","passed","2026-03-14","","API access control","",""
"","1","marks image-source download failures as skippable for page descriptions","Unit | Services | Azure Describer Service","2026-03-14","passed","2026-03-14","","","",""
"","70","accepts multi-worker startup when Redis-backed rate limiting is configured","Unit | Utils | Validate Env Vars","2026-03-14","passed","2026-03-14","","","",""
"","1","returns true for isolated image download failures","Unit | Providers | Shared | Is Skippable Image Source Error","2026-03-14","passed","2026-03-14","","","",""
"","1","builds the GitHub Pages report URL for public GitHub repositories","Unit | Allure History Policy","2026-03-14","passed","2026-03-14","","","",""
